{
    "epoch": 3.0,
    "eval_loss": 1.776711344718933,
    "eval_runtime": 375.377,
    "eval_samples_per_second": 22.82,
    "eval_steps_per_second": 22.82,
    "train_loss": 1.7576022235399875,
    "train_runtime": 79911.1809,
    "train_samples_per_second": 2.894,
    "train_steps_per_second": 0.362
}